{
    "loss": [
        1.9496740102767944,
        1.2837903499603271,
        1.0095407962799072,
        0.943699300289154,
        0.7848188281059265,
        0.6374489665031433,
        0.5924551486968994,
        0.4941652715206146,
        0.5203645825386047,
        0.41044139862060547,
        0.4252130091190338,
        0.3616088330745697,
        0.31804752349853516,
        0.2903884947299957,
        0.29046735167503357,
        0.2563108205795288,
        0.2399524450302124,
        0.24980327486991882,
        0.21441316604614258,
        0.20424161851406097,
        0.19700303673744202,
        0.1875569075345993,
        0.17817211151123047,
        0.17299103736877441,
        0.17125831544399261
    ],
    "accuracy": [
        0.36378467082977295,
        0.4975530207157135,
        0.598694920539856,
        0.6541598439216614,
        0.6835236549377441,
        0.7520391345024109,
        0.76998370885849,
        0.8156606554985046,
        0.8221859931945801,
        0.8597063422203064,
        0.8368678689002991,
        0.8874388337135315,
        0.9086459875106812,
        0.9298532009124756,
        0.9151712656021118,
        0.9396411180496216,
        0.9412724375724792,
        0.9429037570953369,
        0.9641109108924866,
        0.9592169523239136,
        0.9641109108924866,
        0.9738988876342773,
        0.9690048694610596,
        0.9820554852485657,
        0.975530207157135
    ],
    "val_loss": [
        2.2264721393585205,
        1.218232274055481,
        1.0277019739151,
        1.89858078956604,
        1.5643069744110107,
        1.390726923942566,
        1.1712815761566162,
        0.7164962291717529,
        0.5753030180931091,
        0.6677602529525757,
        1.0772336721420288,
        0.5369701981544495,
        0.5291249752044678,
        1.3564001321792603,
        0.5374529957771301,
        0.676554799079895,
        0.46781763434410095,
        0.6682388782501221,
        0.5860694646835327,
        0.864831805229187,
        0.46609339118003845,
        0.45163482427597046,
        0.5304580330848694,
        0.4673120081424713,
        0.6144483089447021
    ],
    "val_accuracy": [
        0.4027777910232544,
        0.4861111044883728,
        0.4583333432674408,
        0.5277777910232544,
        0.5416666865348816,
        0.4166666567325592,
        0.5972222089767456,
        0.7361111044883728,
        0.7638888955116272,
        0.75,
        0.4722222089767456,
        0.7777777910232544,
        0.75,
        0.4722222089767456,
        0.8055555820465088,
        0.7361111044883728,
        0.8472222089767456,
        0.7638888955116272,
        0.7916666865348816,
        0.625,
        0.8194444179534912,
        0.8611111044883728,
        0.7638888955116272,
        0.8194444179534912,
        0.7638888955116272
    ]
}