{
    "loss": [
        1.742339849472046,
        1.2372182607650757,
        1.0520046949386597,
        0.8635939955711365,
        0.8871393203735352,
        0.6232143044471741,
        0.5795859098434448,
        0.5324469804763794,
        0.49564725160598755,
        0.4027595520019531,
        0.3716472089290619,
        0.3317893445491791,
        0.3209759593009949,
        0.3475634455680847,
        0.2855331599712372,
        0.2564378082752228,
        0.25253045558929443,
        0.233727365732193,
        0.23895151913166046,
        0.2223992645740509,
        0.21407517790794373,
        0.1847657561302185,
        0.1826431304216385,
        0.1903209537267685,
        0.17293772101402283
    ],
    "accuracy": [
        0.3931484520435333,
        0.5383360385894775,
        0.598694920539856,
        0.6541598439216614,
        0.6280587315559387,
        0.7487764954566956,
        0.794453501701355,
        0.7879282236099243,
        0.8172920346260071,
        0.8743882775306702,
        0.8825448751449585,
        0.8988580703735352,
        0.9102773070335388,
        0.8760195970535278,
        0.9168025851249695,
        0.9477977156639099,
        0.9347471594810486,
        0.9510603547096252,
        0.9396411180496216,
        0.9559543132781982,
        0.9559543132781982,
        0.9722675085067749,
        0.9690048694610596,
        0.9624795913696289,
        0.9771615266799927
    ],
    "val_loss": [
        2.2969751358032227,
        1.058518886566162,
        1.2918789386749268,
        1.1548597812652588,
        0.9407570958137512,
        1.54317045211792,
        0.6942422389984131,
        1.2136845588684082,
        0.615340530872345,
        0.6019281148910522,
        0.6870353817939758,
        0.755798876285553,
        0.8319665193557739,
        0.5721926689147949,
        0.49729353189468384,
        0.6714104413986206,
        0.6549531817436218,
        1.0098274946212769,
        0.5753355026245117,
        0.4927198588848114,
        0.556520938873291,
        1.130352258682251,
        0.49187374114990234,
        0.5011622905731201,
        0.44393715262413025
    ],
    "val_accuracy": [
        0.4166666567325592,
        0.4444444477558136,
        0.5972222089767456,
        0.4722222089767456,
        0.5694444179534912,
        0.3472222089767456,
        0.6944444179534912,
        0.4444444477558136,
        0.75,
        0.7916666865348816,
        0.7083333134651184,
        0.6666666865348816,
        0.5694444179534912,
        0.7361111044883728,
        0.8055555820465088,
        0.7916666865348816,
        0.7361111044883728,
        0.6111111044883728,
        0.7916666865348816,
        0.8472222089767456,
        0.7777777910232544,
        0.5,
        0.8055555820465088,
        0.8055555820465088,
        0.8611111044883728
    ]
}