{
    "loss": 0.7348091006278992,
    "accuracy": 0.6793650984764099
}