{
    "loss": 0.7521160244941711,
    "accuracy": 0.6984127163887024
}